"ID_REGION";"LIB_REGION";"ID_ZONE";"LIB_ZONE";"ID_AGENCE";"LIB_AGENCE";"COMPANY"
"728";DIRECTION REGIONALE TUNIS 1;"732";ZONE ARIANA;"126";AGENCE TUNIS CITY (C6);TN0021126
"728";DIRECTION REGIONALE TUNIS 1;"732";ZONE ARIANA;"221";AGENCE RAOUED/EL GHAZALA (M1);TN0021221
"728";DIRECTION REGIONALE TUNIS 1;"732";ZONE ARIANA;"76";AGENCE ARIANA LE FORUM (76);TN0021076
"729";DIRECTION REGIONALE TUNIS 2;"576";ZONE CAP BON;"3";AGENCE GROMBALIA (03);TN0021003
"729";DIRECTION REGIONALE TUNIS 2;"576";ZONE CAP BON;"4";AGENCE MENZEL BOUZELFA (04);TN0021004
"730";DIR. REGION. SOUSSE CENTRE ET SAHEL;"582";ZONE CENTRE ET SAHEL 1;"308";AGENCE MONASTIR III (U8);TN0021308
"730";DIR. REGION. SOUSSE CENTRE ET SAHEL;"581";ZONE SOUSSE;"20";AGENCE SOUSSE (20);TN0021020
"730";DIR. REGION. SOUSSE CENTRE ET SAHEL;"581";ZONE SOUSSE;"258";AGENCE SOUSSE ERRIADH (P8);TN0021258
"729";DIRECTION REGIONALE TUNIS 2;"735";ZONE TUNIS OUEST;"18";AGENCE HAFSIA (18);TN0021018
"729";DIRECTION REGIONALE TUNIS 2;"735";ZONE TUNIS OUEST;"274";AGENCE MONFLEURY (R4);TN0021274
"729";DIRECTION REGIONALE TUNIS 2;"735";ZONE TUNIS OUEST;"289";AGENCE DENDEN (S9);TN0021289
"729";DIRECTION REGIONALE TUNIS 2;"735";ZONE TUNIS OUEST;"7";AGENCE BAB SOUIKA (07);TN0021007
"729";DIRECTION REGIONALE TUNIS 2;"735";ZONE TUNIS OUEST;"72";AGENCE MANNOUBA (72);TN0021072
"729";DIRECTION REGIONALE TUNIS 2;"579";ZONE TUNIS SUD;"112";AGENCE HAMMAM LIF (B2);TN0021112
"729";DIRECTION REGIONALE TUNIS 2;"579";ZONE TUNIS SUD;"217";AGENCE EZZAHRA (L7);TN0021217
"729";DIRECTION REGIONALE TUNIS 2;"579";ZONE TUNIS SUD;"254";AGENCE RADES (P4);TN0021254
"729";DIRECTION REGIONALE TUNIS 2;"579";ZONE TUNIS SUD;"294";AGENCE BORJ CEDRIA (T4);TN0021294
"728";DIRECTION REGIONALE TUNIS 1;"580";ZONE NORD;"271";AGENCE BOUSALEM (R1);TN0021271
"729";DIRECTION REGIONALE TUNIS 2;"577";ZONE TUNIS CENTRE;"239";AGENCE BAB BNET (N9);TN0021239
"729";DIRECTION REGIONALE TUNIS 2;"577";ZONE TUNIS CENTRE;"60";AGENCE AVENUE DE FRANCE (60);TN0021060
"731";DIRECTION REGIONALE SFAX ET SUD;"583";ZONE SFAX ET SUD 3;"31";AGENCE SFAX CENTRE (31);TN0021031
"731";DIRECTION REGIONALE SFAX ET SUD;"584";ZONE SFAX ET SUD 1;"278";AGENCE MEDENINE (R8);TN0021278
"728";DIRECTION REGIONALE TUNIS 1;"578";ZONE TUNIS NORD;"231";AGENCE LAOUINA (N1);TN0021231
"728";DIRECTION REGIONALE TUNIS 1;"578";ZONE TUNIS NORD;"75";AGENCE LE KRAM (75);TN0021075
"731";DIRECTION REGIONALE SFAX ET SUD;"733";ZONE SFAX ET SUD 2;"47";AGENCE MAHRES (47);TN0021047
"728";DIRECTION REGIONALE TUNIS 1;"732";ZONE ARIANA;"19";AGENCE CHARGUIA II (19);TN0021019
"728";DIRECTION REGIONALE TUNIS 1;"732";ZONE ARIANA;"64";AGENCE CHARGUIA (64);TN0021064
"729";DIRECTION REGIONALE TUNIS 2;"576";ZONE CAP BON;"237";AGENCE NABEUL-OUED SOUHIL (N7);TN0021237
"730";DIR. REGION. SOUSSE CENTRE ET SAHEL;"734";ZONE CENTRE ET SAHEL 2;"12";AGENCE TEBOULBA (12);TN0021012
"730";DIR. REGION. SOUSSE CENTRE ET SAHEL;"734";ZONE CENTRE ET SAHEL 2;"135";AGENCE JEMMAL (D5);TN0021135
"730";DIR. REGION. SOUSSE CENTRE ET SAHEL;"734";ZONE CENTRE ET SAHEL 2;"206";AGENCE MOKNINE (K6);TN0021206
"730";DIR. REGION. SOUSSE CENTRE ET SAHEL;"734";ZONE CENTRE ET SAHEL 2;"24";AGENCE KSAR HELLAL (24);TN0021024
"730";DIR. REGION. SOUSSE CENTRE ET SAHEL;"734";ZONE CENTRE ET SAHEL 2;"259";AGENCE SAYADA (P9);TN0021259
"730";DIR. REGION. SOUSSE CENTRE ET SAHEL;"734";ZONE CENTRE ET SAHEL 2;"286";AGENCE CHEBBA (S6);TN0021286
"730";DIR. REGION. SOUSSE CENTRE ET SAHEL;"734";ZONE CENTRE ET SAHEL 2;"291";AGENCE EL JEM (T1);TN0021291
"728";DIRECTION REGIONALE TUNIS 1;"736";ZONE MENEZEH;"101";AGENCE ENNASR (A1);TN0021101
"728";DIRECTION REGIONALE TUNIS 1;"736";ZONE MENEZEH;"102";AGENCE ALYSSA (A2);TN0021102
"728";DIRECTION REGIONALE TUNIS 1;"736";ZONE MENEZEH;"6";AGENCE EL MANAR (06);TN0021006
"728";DIRECTION REGIONALE TUNIS 1;"736";ZONE MENEZEH;"70";AG. EL MENZEH VII CITE LATIF (70);TN0021070
"729";DIRECTION REGIONALE TUNIS 2;"735";ZONE TUNIS OUEST;"111";AGENCE EZZAHROUNI (B1);TN0021111
"729";DIRECTION REGIONALE TUNIS 2;"735";ZONE TUNIS OUEST;"63";AGENCE RUE EL JAZIRA I (63);TN0021063
"729";DIRECTION REGIONALE TUNIS 2;"735";ZONE TUNIS OUEST;"77";AGENCE LE BARDO (77);TN0021077
"729";DIRECTION REGIONALE TUNIS 2;"579";ZONE TUNIS SUD;"57";AGENCE EL OUARDIA (57);TN0021057
"731";DIRECTION REGIONALE SFAX ET SUD;"583";ZONE SFAX ET SUD 3;"222";AGENCE KASSERINE (M2);TN0021222
"731";DIRECTION REGIONALE SFAX ET SUD;"583";ZONE SFAX ET SUD 3;"34";AGENCE SFAX HABIB THAMEUR (34);TN0021034
"731";DIRECTION REGIONALE SFAX ET SUD;"584";ZONE SFAX ET SUD 1;"256";AGENCE GABES 2 (P6);TN0021256
"731";DIRECTION REGIONALE SFAX ET SUD;"584";ZONE SFAX ET SUD 1;"317";AGENCE ROUTE AEROPORT (V7);TN0021317
"731";DIRECTION REGIONALE SFAX ET SUD;"584";ZONE SFAX ET SUD 1;"32";AGENCE SFAX 2000 (32);TN0021032
"728";DIRECTION REGIONALE TUNIS 1;"578";ZONE TUNIS NORD;"285";AGENCE GAMMARTH (S5);TN0021285
"728";DIRECTION REGIONALE TUNIS 1;"578";ZONE TUNIS NORD;"297";AGENCE LA GOULETTE (T7);TN0021297
"731";DIRECTION REGIONALE SFAX ET SUD;"733";ZONE SFAX ET SUD 2;"45";AGENCE SFAX NORD (45);TN0021045
"728";DIRECTION REGIONALE TUNIS 1;"732";ZONE ARIANA;"114";AG. LES JARDINS DE L'ARIANA II (B4);TN0021114
"730";DIR. REGION. SOUSSE CENTRE ET SAHEL;"734";ZONE CENTRE ET SAHEL 2;"282";AGENCE KSOUR ESSEF (S2);TN0021282
"730";DIR. REGION. SOUSSE CENTRE ET SAHEL;"582";ZONE CENTRE ET SAHEL 1;"11";AGENCE OUESLATIA (11);TN0021011
"730";DIR. REGION. SOUSSE CENTRE ET SAHEL;"582";ZONE CENTRE ET SAHEL 1;"276";AGENCE KALAA KEBIRA (R6);TN0021276
"730";DIR. REGION. SOUSSE CENTRE ET SAHEL;"581";ZONE SOUSSE;"225";AGENCE HAMMAM SOUSSE- MENCHIA (M5);TN0021225
"730";DIR. REGION. SOUSSE CENTRE ET SAHEL;"581";ZONE SOUSSE;"228";AGENCE SOUSSE SIDI ABDELHAMID (M8);TN0021228
"730";DIR. REGION. SOUSSE CENTRE ET SAHEL;"581";ZONE SOUSSE;"301";AGENCE AKOUDA (U1);TN0021301
"730";DIR. REGION. SOUSSE CENTRE ET SAHEL;"581";ZONE SOUSSE;"309";AGENCE SAHLOUL 2 (U9);TN0021309
"730";DIR. REGION. SOUSSE CENTRE ET SAHEL;"581";ZONE SOUSSE;"9";AGENCE HAMMAM SOUSSE (09);TN0021009
"729";DIRECTION REGIONALE TUNIS 2;"735";ZONE TUNIS OUEST;"238";AGENCE SIDI HASSINE (N8);TN0021238
"729";DIRECTION REGIONALE TUNIS 2;"579";ZONE TUNIS SUD;"202";AGENCE MGHIRA (K2);TN0021202
"729";DIRECTION REGIONALE TUNIS 2;"579";ZONE TUNIS SUD;"292";AGENCE ZAGHOUAN (T2);TN0021292
"729";DIRECTION REGIONALE TUNIS 2;"579";ZONE TUNIS SUD;"69";AGENCE AVENUE DE CARTHAGE (69);TN0021069
"728";DIRECTION REGIONALE TUNIS 1;"580";ZONE NORD;"235";AGENCE SILIANA (N5);TN0021235
"728";DIRECTION REGIONALE TUNIS 1;"580";ZONE NORD;"275";AGENCE RAS JEBEL (R5);TN0021275
"728";DIRECTION REGIONALE TUNIS 1;"580";ZONE NORD;"296";AGENCE TAJEROUINE (T6);TN0021296
"728";DIRECTION REGIONALE TUNIS 1;"580";ZONE NORD;"298";AGENCE MEDJEZ EL BAB (T8);TN0021298
"728";DIRECTION REGIONALE TUNIS 1;"580";ZONE NORD;"50";AGENCE BIZERTE (50);TN0021050
"728";DIRECTION REGIONALE TUNIS 1;"580";ZONE NORD;"55";AGENCE MATEUR (55);TN0021055
"729";DIRECTION REGIONALE TUNIS 2;"577";ZONE TUNIS CENTRE;"13";AGENCE JAMEL ABDENNACEUR (13);TN0021013
"729";DIRECTION REGIONALE TUNIS 2;"577";ZONE TUNIS CENTRE;"79";AGENCE TUNIS MEDINA (79);TN0021079
"731";DIRECTION REGIONALE SFAX ET SUD;"583";ZONE SFAX ET SUD 3;"236";AGENCE SIDI BOUZID (N6);TN0021236
"731";DIRECTION REGIONALE SFAX ET SUD;"584";ZONE SFAX ET SUD 1;"125";AGENCE DJERBA MIDOUNE (C5);TN0021125
"731";DIRECTION REGIONALE SFAX ET SUD;"584";ZONE SFAX ET SUD 1;"136";AGENCE ZARZIS (D6);TN0021136
"731";DIRECTION REGIONALE SFAX ET SUD;"584";ZONE SFAX ET SUD 1;"290";AGENCE TATAOUINE (T9);TN0021290
"731";DIRECTION REGIONALE SFAX ET SUD;"584";ZONE SFAX ET SUD 1;"40";AGENCE SFAX HARZALLAH (40);TN0021040
"731";DIRECTION REGIONALE SFAX ET SUD;"584";ZONE SFAX ET SUD 1;"42";AGENCE SFAX MARLBURG (42);TN0021042
"728";DIRECTION REGIONALE TUNIS 1;"579";ZONE TUNIS SUD;"112";AGENCE HAMMAM LIF (B2);TN0021112
"730";DIR. REGION. SOUSSE CENTRE ET SAHEL;"582";ZONE CENTRE ET SAHEL 1;"319";AGENCE MONASTIR IV (V9);TN0021319
"728";DIRECTION REGIONALE TUNIS 1;"578";ZONE TUNIS NORD;"229";AGENCE AIN ZAGHOUAN (M9);TN0021229
"731";DIRECTION REGIONALE SFAX ET SUD;"733";ZONE SFAX ET SUD 2;"281";AG SFAX ROUTE MENZEL CHAKER (S1);TN0021281
"731";DIRECTION REGIONALE SFAX ET SUD;"733";ZONE SFAX ET SUD 2;"305";AGENCE SFAX ROUTE SALTNIA (U5);TN0021305
"731";DIRECTION REGIONALE SFAX ET SUD;"733";ZONE SFAX ET SUD 2;"318";AGENCE SFAX HOTEL IBIS (V8);TN0021318
"728";DIRECTION REGIONALE TUNIS 1;"732";ZONE ARIANA;"288";AGENCE BORJ LOUZIR (S8);TN0021288
"729";DIRECTION REGIONALE TUNIS 2;"576";ZONE CAP BON;"227";AGENCE SOLIMAN (M7);TN0021227
"730";DIR. REGION. SOUSSE CENTRE ET SAHEL;"734";ZONE CENTRE ET SAHEL 2;"304";AGENCE SOUASSI (U4);TN0021304
"730";DIR. REGION. SOUSSE CENTRE ET SAHEL;"582";ZONE CENTRE ET SAHEL 1;"10";AGENCE KAIROUAN (10);TN0021010
"730";DIR. REGION. SOUSSE CENTRE ET SAHEL;"582";ZONE CENTRE ET SAHEL 1;"203";AGENCE SAHLINE (K3);TN0021203
"728";DIRECTION REGIONALE TUNIS 1;"736";ZONE MENEZEH;"129";AGENCE ENNASR II (C9);TN0021129
"730";DIR. REGION. SOUSSE CENTRE ET SAHEL;"581";ZONE SOUSSE;"133";AGENCE SOUSSE HACHED (D3);TN0021133
"730";DIR. REGION. SOUSSE CENTRE ET SAHEL;"581";ZONE SOUSSE;"22";AGENCE SOUSSE NORD (22);TN0021022
"729";DIRECTION REGIONALE TUNIS 2;"735";ZONE TUNIS OUEST;"302";AGENCE CITE EZZOUHOUR (U2);TN0021302
"729";DIRECTION REGIONALE TUNIS 2;"735";ZONE TUNIS OUEST;"78";AGENCE RUE EL JAZIRA II (78);TN0021078
"729";DIRECTION REGIONALE TUNIS 2;"579";ZONE TUNIS SUD;"139";AGENCE EL FAHS (D9);TN0021139
"729";DIRECTION REGIONALE TUNIS 2;"579";ZONE TUNIS SUD;"279";AGENCE NOUVELLE MEDINA (R9);TN0021279
"729";DIRECTION REGIONALE TUNIS 2;"579";ZONE TUNIS SUD;"314";AGENCE MHAMDIA (V4);TN0021314
"729";DIRECTION REGIONALE TUNIS 2;"579";ZONE TUNIS SUD;"52";AGENCE MEGRINE (52);TN0021052
"728";DIRECTION REGIONALE TUNIS 1;"580";ZONE NORD;"253";AGENCE BIZERTE CORNICHE (P3);TN0021253
"728";DIRECTION REGIONALE TUNIS 1;"580";ZONE NORD;"54";AGENCE BEJA (54);TN0021054
"729";DIRECTION REGIONALE TUNIS 2;"577";ZONE TUNIS CENTRE;"59";AG. AVENUE HABIB BOURGUIBA IV (59);TN0021059
"729";DIRECTION REGIONALE TUNIS 2;"577";ZONE TUNIS CENTRE;"71";AGENCE INTERNATIONALE (71);TN0021071
"731";DIRECTION REGIONALE SFAX ET SUD;"583";ZONE SFAX ET SUD 3;"252";AGENCE GAFSA (P2);TN0021252
"731";DIRECTION REGIONALE SFAX ET SUD;"583";ZONE SFAX ET SUD 3;"46";AGENCE SFAX MEDINA (46);TN0021046
"731";DIRECTION REGIONALE SFAX ET SUD;"584";ZONE SFAX ET SUD 1;"284";AGENCE KEBILI (S4);TN0021284
"731";DIRECTION REGIONALE SFAX ET SUD;"584";ZONE SFAX ET SUD 1;"33";AGENCE DJERBA HOUMT ESSOUK (33);TN0021033
"728";DIRECTION REGIONALE TUNIS 1;"578";ZONE TUNIS NORD;"316";AGENCE ROUTE DE GAMMARTH (V6);TN0021316
"731";DIRECTION REGIONALE SFAX ET SUD;"733";ZONE SFAX ET SUD 2;"117";AGENCE SFAX JEDIDA (B7);TN0021117
"728";DIRECTION REGIONALE TUNIS 1;"732";ZONE ARIANA;"118";AGENCE ARIANA NORD (B8);TN0021118
"729";DIRECTION REGIONALE TUNIS 2;"576";ZONE CAP BON;"1";AGENCE HAMMAMET (01);TN0021001
"729";DIRECTION REGIONALE TUNIS 2;"576";ZONE CAP BON;"211";AGENCE MENZEL TEMIME (L1);TN0021211
"729";DIRECTION REGIONALE TUNIS 2;"576";ZONE CAP BON;"212";AGENCE DAR CHAABANE EL FEHRI (L2);TN0021212
"730";DIR. REGION. SOUSSE CENTRE ET SAHEL;"734";ZONE CENTRE ET SAHEL 2;"27";AGENCE KSIBET EL MEDIOUNI (27);TN0021027
"730";DIR. REGION. SOUSSE CENTRE ET SAHEL;"582";ZONE CENTRE ET SAHEL 1;"25";AGENCE KALAA SGHIRA (25);TN0021025
"730";DIR. REGION. SOUSSE CENTRE ET SAHEL;"582";ZONE CENTRE ET SAHEL 1;"29";AGENCE SIDI BOUALI (29);TN0021029
"730";DIR. REGION. SOUSSE CENTRE ET SAHEL;"582";ZONE CENTRE ET SAHEL 1;"303";AGENCE ENFIDHA VILLE (U3);TN0021303
"728";DIRECTION REGIONALE TUNIS 1;"736";ZONE MENEZEH;"68";AGENCE EL MENZEH VI (68);TN0021068
"730";DIR. REGION. SOUSSE CENTRE ET SAHEL;"581";ZONE SOUSSE;"128";AGENCE SOUSSE BELHOUANE (C8);TN0021128
"728";DIRECTION REGIONALE TUNIS 1;"578";ZONE TUNIS NORD;"108";AGENCE MOHAMED V (A8+65);TN0021108
"728";DIRECTION REGIONALE TUNIS 1;"578";ZONE TUNIS NORD;"207";AGENCE SIDI BOUSAID (K7);TN0021207
"728";DIRECTION REGIONALE TUNIS 1;"578";ZONE TUNIS NORD;"209";AGENCE MARSA SAF SAF (K9);TN0021209
"729";DIRECTION REGIONALE TUNIS 2;"579";ZONE TUNIS SUD;"223";AGENCE EL MOUROUJ IV (M3);TN0021223
"729";DIRECTION REGIONALE TUNIS 2;"579";ZONE TUNIS SUD;"313";AGENCE YASMINET (V3);TN0021313
"728";DIRECTION REGIONALE TUNIS 1;"580";ZONE NORD;"8";AGENCE UTIQUE (08);TN0021008
"729";DIRECTION REGIONALE TUNIS 2;"577";ZONE TUNIS CENTRE;"62";AGENCE AVENUE DE PARIS I (62);TN0021062
"731";DIRECTION REGIONALE SFAX ET SUD;"583";ZONE SFAX ET SUD 3;"273";AGENCE REGUEB (R3);TN0021273
"731";DIRECTION REGIONALE SFAX ET SUD;"583";ZONE SFAX ET SUD 3;"30";AGENCE TOZEUR (30);TN0021030
"731";DIRECTION REGIONALE SFAX ET SUD;"584";ZONE SFAX ET SUD 1;"14";AGENCE SFAX 5 AOUT (14);TN0021014
"728";DIRECTION REGIONALE TUNIS 1;"578";ZONE TUNIS NORD;"66";AGENCE LAFAYETTE PP (66);TN0021066
"731";DIRECTION REGIONALE SFAX ET SUD;"733";ZONE SFAX ET SUD 2;"134";AGENCE SFAX ROUTE DE TUNIS (D4);TN0021134
"731";DIRECTION REGIONALE SFAX ET SUD;"733";ZONE SFAX ET SUD 2;"44";AGENCE SFAX GREMDA (44);TN0021044
"728";DIRECTION REGIONALE TUNIS 1;"732";ZONE ARIANA;"233";AGENCE CITE ETTADHAMEN (N3);TN0021233
"729";DIRECTION REGIONALE TUNIS 2;"576";ZONE CAP BON;"103";AGENCE HAMMAMET CENTRE CELOTO (A3);TN0021103
"729";DIRECTION REGIONALE TUNIS 2;"576";ZONE CAP BON;"119";AGENCE MARINA HAMMAMET (B9);TN0021119
"729";DIRECTION REGIONALE TUNIS 2;"576";ZONE CAP BON;"299";AGENCE NABEUL (00);TN0021299
"729";DIRECTION REGIONALE TUNIS 2;"576";ZONE CAP BON;"5";AGENCE KORBA (05);TN0021005
"730";DIR. REGION. SOUSSE CENTRE ET SAHEL;"734";ZONE CENTRE ET SAHEL 2;"257";AGENCE KSAR HELLAL 2 (P7);TN0021257
"730";DIR. REGION. SOUSSE CENTRE ET SAHEL;"582";ZONE CENTRE ET SAHEL 1;"219";AGENCE ENNFIDHA-AEROPORT (L9);TN0021219
"730";DIR. REGION. SOUSSE CENTRE ET SAHEL;"582";ZONE CENTRE ET SAHEL 1;"272";AGENCE OUERDANINE (R2);TN0021272
"728";DIRECTION REGIONALE TUNIS 1;"736";ZONE MENEZEH;"226";AGENCE EL MENZAH 9 (M6);TN0021226
"728";DIRECTION REGIONALE TUNIS 1;"736";ZONE MENEZEH;"232";AGENCE CITE EL KHADRA (N2);TN0021232
"728";DIRECTION REGIONALE TUNIS 1;"736";ZONE MENEZEH;"67";AGENCE EL MENZEH I (67);TN0021067
"730";DIR. REGION. SOUSSE CENTRE ET SAHEL;"581";ZONE SOUSSE;"107";AG. LES JARDINS D'EL KANTAOUI (A7);TN0021107
"730";DIR. REGION. SOUSSE CENTRE ET SAHEL;"581";ZONE SOUSSE;"16";AGENCE SOUSSE KHEZAMA (16);TN0021016
"728";DIRECTION REGIONALE TUNIS 1;"578";ZONE TUNIS NORD;"116";AGENCE MARSA (B6);TN0021116
"728";DIRECTION REGIONALE TUNIS 1;"578";ZONE TUNIS NORD;"124";AGENCE EL BOUHAIRA (C4);TN0021124
"728";DIRECTION REGIONALE TUNIS 1;"578";ZONE TUNIS NORD;"224";AGENCE LES JARDINS DU LAC (M4);TN0021224
"729";DIRECTION REGIONALE TUNIS 2;"735";ZONE TUNIS OUEST;"215";AGENCE OUED ELLIL (L5);TN0021215
"729";DIRECTION REGIONALE TUNIS 2;"735";ZONE TUNIS OUEST;"255";AGENCE IBN KHALDOUN (P5);TN0021255
"729";DIRECTION REGIONALE TUNIS 2;"735";ZONE TUNIS OUEST;"312";AGENCE MORNAGUIA (V2);TN0021312
"729";DIRECTION REGIONALE TUNIS 2;"735";ZONE TUNIS OUEST;"315";AGENCE BARDO II (V5);TN0021315
"729";DIRECTION REGIONALE TUNIS 2;"579";ZONE TUNIS SUD;"283";AGENCE MORNAG (S3);TN0021283
"728";DIRECTION REGIONALE TUNIS 1;"580";ZONE NORD;"216";AGENCE EL KEF (L6);TN0021216
"728";DIRECTION REGIONALE TUNIS 1;"580";ZONE NORD;"53";AGENCE EL ALIA (53);TN0021053
"728";DIRECTION REGIONALE TUNIS 1;"580";ZONE NORD;"80";AGENCE JENDOUBA (80);TN0021080
"729";DIRECTION REGIONALE TUNIS 2;"577";ZONE TUNIS CENTRE;"17";AGENCE AVENUE DE PARIS II (17);TN0021017
"731";DIRECTION REGIONALE SFAX ET SUD;"583";ZONE SFAX ET SUD 3;"123";AGENCE SFAX ROUTE EL AIN (C3);TN0021123
"731";DIRECTION REGIONALE SFAX ET SUD;"583";ZONE SFAX ET SUD 3;"36";AGENCE SFAX AV 18 JANVIER 1952 (36);TN0021036
"731";DIRECTION REGIONALE SFAX ET SUD;"583";ZONE SFAX ET SUD 3;"37";AGENCE BIR ALI BEN KHELIFA (37);TN0021037
"731";DIRECTION REGIONALE SFAX ET SUD;"583";ZONE SFAX ET SUD 3;"43";AGENCE SFAX HACHED (43);TN0021043
"731";DIRECTION REGIONALE SFAX ET SUD;"584";ZONE SFAX ET SUD 1;"38";AGENCE FOIRE DE SFAX (38);TN0021038
"731";DIRECTION REGIONALE SFAX ET SUD;"733";ZONE SFAX ET SUD 2;"234";AGENCE SFAX-ETTOUTA (N4);TN0021234
"731";DIRECTION REGIONALE SFAX ET SUD;"733";ZONE SFAX ET SUD 2;"48";AGENCE SAKIET EZZIT (48);TN0021048
"731";DIRECTION REGIONALE SFAX ET SUD;"733";ZONE SFAX ET SUD 2;"49";AGENCE EL HENCHA (49);TN0021049
"729";DIRECTION REGIONALE TUNIS 2;"576";ZONE CAP BON;"104";AGENCE HAMMAMET MREZGA (A4);TN0021104
"729";DIRECTION REGIONALE TUNIS 2;"576";ZONE CAP BON;"109";AGENCE MANARET EL HAMMAMET (A9);TN0021109
"730";DIR. REGION. SOUSSE CENTRE ET SAHEL;"734";ZONE CENTRE ET SAHEL 2;"121";AGENCE MAHDIA II (C1);TN0021121
"730";DIR. REGION. SOUSSE CENTRE ET SAHEL;"582";ZONE CENTRE ET SAHEL 1;"127";AGENCE MONASTIR II (C7);TN0021127
"730";DIR. REGION. SOUSSE CENTRE ET SAHEL;"582";ZONE CENTRE ET SAHEL 1;"23";AGENCE MONASTIR (23);TN0021023
"730";DIR. REGION. SOUSSE CENTRE ET SAHEL;"582";ZONE CENTRE ET SAHEL 1;"26";AGENCE MSAKEN (26);TN0021026
"730";DIR. REGION. SOUSSE CENTRE ET SAHEL;"582";ZONE CENTRE ET SAHEL 1;"311";AGENCE SOUK LAHAD (V1);TN0021311
"728";DIRECTION REGIONALE TUNIS 1;"578";ZONE TUNIS NORD;"137";AGENCE MONTPLAISIR (D7);TN0021137
"728";DIRECTION REGIONALE TUNIS 1;"578";ZONE TUNIS NORD;"15";AGENCE LES BERGES DU LAC (15);TN0021015
"729";DIRECTION REGIONALE TUNIS 2;"735";ZONE TUNIS OUEST;"74";AGENCE AVENUE HEDI CHAKER (74);TN0021074
"729";DIRECTION REGIONALE TUNIS 2;"579";ZONE TUNIS SUD;"218";AGENCE BOUMHEL (L8);TN0021218
"729";DIRECTION REGIONALE TUNIS 2;"579";ZONE TUNIS SUD;"73";AGENCE BEN AROUS (73);TN0021073
"728";DIRECTION REGIONALE TUNIS 1;"580";ZONE NORD;"204";AGENCE MENZEL JEMIL (K4);TN0021204
"728";DIRECTION REGIONALE TUNIS 1;"580";ZONE NORD;"295";AGENCE TEBOURBA (T5);TN0021295
"729";DIRECTION REGIONALE TUNIS 2;"577";ZONE TUNIS CENTRE;"56";AGENCE GALAXY (56);TN0021056
"731";DIRECTION REGIONALE SFAX ET SUD;"583";ZONE SFAX ET SUD 3;"201";AGENCE GREMDA MERKEZ KAMMOUN (K1);TN0021201
"728";DIRECTION REGIONALE TUNIS 1;"578";ZONE TUNIS NORD;"306";AGENCE LES JARDINS DE CARTHAGE (U6);TN0021306
"731";DIRECTION REGIONALE SFAX ET SUD;"733";ZONE SFAX ET SUD 2;"122";AGENCE SAKIET EDDAIER (C2);TN0021122
"731";DIRECTION REGIONALE SFAX ET SUD;"733";ZONE SFAX ET SUD 2;"138";AGENCE SFAX ROUTE DE TENIOUR (D8);TN0021138
"731";DIRECTION REGIONALE SFAX ET SUD;"733";ZONE SFAX ET SUD 2;"287";AGENCE SFAX ROUTE LAFRANE (S7);TN0021287
"728";DIRECTION REGIONALE TUNIS 1;"732";ZONE ARIANA;"131";AGENCE CITE DES SCIENCES (D1);TN0021131
"728";DIRECTION REGIONALE TUNIS 1;"732";ZONE ARIANA;"214";AGENCE SOUKRA (L4);TN0021214
"729";DIRECTION REGIONALE TUNIS 2;"576";ZONE CAP BON;"213";AGENCE KELIBIA (L3);TN0021213
"729";DIRECTION REGIONALE TUNIS 2;"576";ZONE CAP BON;"277";AGENCE BENI KHALLED (R7);TN0021277
"730";DIR. REGION. SOUSSE CENTRE ET SAHEL;"734";ZONE CENTRE ET SAHEL 2;"21";AGENCE MAHDIA I (21);TN0021021
"728";DIRECTION REGIONALE TUNIS 1;"736";ZONE MENEZEH;"113";AGENCE CARNOY (B3);TN0021113
"728";DIRECTION REGIONALE TUNIS 1;"736";ZONE MENEZEH;"251";AGENCE LES JARDINS D'EL MENZAH (P1);TN0021251
"730";DIR. REGION. SOUSSE CENTRE ET SAHEL;"581";ZONE SOUSSE;"106";AGENCE SOUSSE MEDINA (A6);TN0021106
"730";DIR. REGION. SOUSSE CENTRE ET SAHEL;"581";ZONE SOUSSE;"205";AGENCE SOUSSE SAHLOUL (K5);TN0021205
"730";DIR. REGION. SOUSSE CENTRE ET SAHEL;"581";ZONE SOUSSE;"28";AGENCE SOUSSE CORNICHE (28);TN0021028
"729";DIRECTION REGIONALE TUNIS 2;"579";ZONE TUNIS SUD;"2";AGENCE BIR MCHERGUA (02);TN0021002
"729";DIRECTION REGIONALE TUNIS 2;"579";ZONE TUNIS SUD;"307";AGENCE MONCEF BEY (U7);TN0021307
"728";DIRECTION REGIONALE TUNIS 1;"580";ZONE NORD;"208";AGENCE MENZEL BOURGUIBA (K8);TN0021208
"728";DIRECTION REGIONALE TUNIS 1;"580";ZONE NORD;"293";AGENCE TESTOUR (T3);TN0021293
"729";DIRECTION REGIONALE TUNIS 2;"577";ZONE TUNIS CENTRE;"58";AGENCE RUE DE SYRIE (58);TN0021058
"729";DIRECTION REGIONALE TUNIS 2;"577";ZONE TUNIS CENTRE;"61";AG. COMPTOIR DES PARTICULIERS (61);TN0021061
"731";DIRECTION REGIONALE SFAX ET SUD;"583";ZONE SFAX ET SUD 3;"35";AGENCE SFAX CITE EL HABIB (35);TN0021035
"731";DIRECTION REGIONALE SFAX ET SUD;"584";ZONE SFAX ET SUD 1;"41";AGENCE GABES (41);TN0021041
"731";DIRECTION REGIONALE SFAX ET SUD;"584";ZONE SFAX ET SUD 1;"400";AGENCE TEST;TN0021400